{
    "totalpage": 2,
    "pages": [
        {
            "pageNo": 1,
            "location": [
                {
                    "x": 5292,
                    "y": 5292,
                    "width": 5291.666666666667,
                    "height": 1322.9166666666667,
                    "type": 1
                },
                {
                    "x": 198438,
                    "y": 5292,
                    "width": 5291.666666666667,
                    "height": 1322.9166666666667,
                    "type": 1
                }
            ],
            "studentcode": {
                "type": 1, //条形码
                "object": {
                    "x": 14817,
                    "y": 54240,
                    "width": 5291.666666666667,
                    "height": 5291.666666666667
                }
            },
            "studentcode": {
                "type": 2, //准考证
                "object": [
                    {
                        "group": [
                            {
                                "x": 14817,
                                "y": 54240,
                                "width": 5291.666666666667,
                                "height": 5291.666666666667,
                                "optName": "0"
                            },
                            {
                                "x": 14817,
                                "y": 54240,
                                "width": 5291.666666666667,
                                "height": 5291.666666666667,
                                "optName": "1"
                            }
                        ]
                    }
                ]
            },
            "imge": {
                "width": 420000,
                "height": 297000
            },
            "questions": [
                {
                    "type": 0,
                    "id": "1",
                    "opt": [
                        {
                            "x": 14817,
                            "y": 54240,
                            "width": 5291.666666666667,
                            "height": 5291.666666666667,
                            "optName": "A"
                        },
                        {
                            "x": 21431,
                            "y": 54240,
                            "width": 5291.666666666667,
                            "height": 5291.666666666667,
                            "optName": "B"
                        }
                    ]
                },
                {
                    "type": 1,
                    "id": "1",
                    "score": {
                        "full": 5,
                        "halffull": 3,
                        "marktype": 1
                    },
                    "answer": "A",
                    "opt": [
                        {
                            "x": 14817,
                            "y": 54240,
                            "width": 5291.666666666667,
                            "height": 5291.666666666667,
                            "optName": "A"
                        },
                        {
                            "x": 21431,
                            "y": 54240,
                            "width": 5291.666666666667,
                            "height": 5291.666666666667,
                            "optName": "B"
                        }
                    ]
                },
                {
                    "type": 2,
                    "id": "5",
                    "score": {
                        "region": {
                            "x": 5292,
                            "y": 110596,
                            "width": 198966.66666666663,
                            "height": 19843.75
                        },
                        "full": 10
                    },
                    "cut": {
                        "x": 5292,
                        "y": 110596,
                        "width": 198966.66666666663,
                        "height": 19843.75,
                        "cutid": 1,
                        "linkparm": 0
                    }
                },
                {
                    "type": 3,
                    "id": "6",
                    "score": {
                        "region": {
                            "x": 5292,
                            "y": 110596,
                            "width": 198966.66666666663,
                            "height": 19843.75
                        },
                        "full": 10
                    },
                    "cut": {
                        "x": 5292,
                        "y": 138906,
                        "width": 198966.66666666663,
                        "height": 128852.08333333333,
                        "cutid": 2,
                        "linkparm": 0
                    }
                },
                {
                    "type": 4,
                    "id": "6,7,8,9",
                    "select": 2,
                    "total": 4,
                    "selectqts": [
                        {
                            "opt": [
                                {
                                    "x": 14817,
                                    "y": 54240,
                                    "width": 5291.666666666667,
                                    "height": 5291.666666666667,
                                    "optName": "6"
                                },
                                {
                                    "x": 21431,
                                    "y": 54240,
                                    "width": 5291.666666666667,
                                    "height": 5291.666666666667,
                                    "optName": "7"
                                }
                            ],
                            "cut": {
                                "x": 5292,
                                "y": 138906,
                                "width": 198966.66666666663,
                                "height": 128852.08333333333,
                                "cutid": 3,
                                "linkparm": 1
                            },
                            "score": {
                                "full": 10
                            }
                        },
                        {
                            "opt": [
                                {
                                    "x": 14817,
                                    "y": 54240,
                                    "width": 5291.666666666667,
                                    "height": 5291.666666666667,
                                    "optName": "6"
                                },
                                {
                                    "x": 21431,
                                    "y": 54240,
                                    "width": 5291.666666666667,
                                    "height": 5291.666666666667,
                                    "optName": "7"
                                },
                                {
                                    "x": 21431,
                                    "y": 54240,
                                    "width": 5291.666666666667,
                                    "height": 5291.666666666667,
                                    "optName": "8"
                                },
                                {
                                    "x": 21431,
                                    "y": 54240,
                                    "width": 5291.666666666667,
                                    "height": 5291.666666666667,
                                    "optName": "9"
                                }
                            ],
                            "cut": {
                                "x": 5292,